1,,"Kobe Bryant
SMALL FORWARD","$23,500,000"
2,,"Joe Johnson
SMALL FORWARD","$23,180,790"
3,,"Carmelo Anthony
SMALL FORWARD","$22,458,401"
4,,"Dwight Howard
CENTER","$21,436,271"
5,,"LeBron James
SMALL FORWARD","$20,644,400"
,,"Chris Bosh
POWER FORWARD","$20,644,400"
7,,"Chris Paul
POINT GUARD","$20,068,563"
8,,"Deron Williams
POINT GUARD","$19,754,465"
9,,"Rudy Gay
SMALL FORWARD","$19,317,326"
10,,"Kevin Durant
SMALL FORWARD","$18,995,624"
11,,"Derrick Rose
POINT GUARD","$18,862,876"
12,,"Blake Griffin
POWER FORWARD","$17,674,613"
13,,"Zach Randolph
POWER FORWARD","$16,500,000"
14,,"LaMarcus Aldridge
POWER FORWARD","$16,256,000"
15,,"Paul George
SMALL FORWARD","$15,925,680"
16,,"Marc Gasol
CENTER","$15,829,688"
17,,"Brook Lopez
CENTER","$15,719,063"
,,"Kevin Love
POWER FORWARD","$15,719,063"
19,,"Russell Westbrook
POINT GUARD","$15,719,062"
20,,"David Lee
POWER FORWARD","$15,012,000"
21,,"Dwyane Wade
SHOOTING GUARD","$15,000,000"
22,,"Eric Gordon
SHOOTING GUARD","$14,898,938"
,,"Roy Hibbert
CENTER","$14,898,938"
24,,"Tyson Chandler
CENTER","$14,846,887"
25,,"DeMarcus Cousins
CENTER","$14,746,000"
,,"Gordon Hayward
SMALL FORWARD","$14,746,000"
,,"John Wall
POINT GUARD","$14,746,000"
28,,"James Harden
SHOOTING GUARD","$14,728,844"
29,,"Chandler Parsons
SMALL FORWARD","$14,700,000"
30,,"Al Jefferson
CENTER","$13,500,000"
31,,"Nene Hilario
POWER FORWARD","$13,000,000"
,,"Eric Bledsoe
POINT GUARD","$13,000,000"
33,,"Andrew Bogut
CENTER","$12,972,973"
34,,"Derrick Favors
POWER FORWARD","$12,950,000"
35,,"Rajon Rondo
POINT GUARD","$12,909,090"
36,,"Joakim Noah
CENTER","$12,700,000"
37,,"Nicolas Batum
SHOOTING GUARD","$12,655,057"
38,,"Tony Parker
POINT GUARD","$12,500,000"
39,,"Serge Ibaka
POWER FORWARD","$12,350,000"
40,,"Andre Iguodala
SHOOTING GUARD","$12,289,544"
41,,"Nikola Pekovic
CENTER","$12,100,000"
42,,"Kevin Garnett
POWER FORWARD","$12,000,000"
,,"Al Horford
CENTER","$12,000,000"
,,"David West
POWER FORWARD","$12,000,000"
,,"Kyle Lowry
POINT GUARD","$12,000,000"
46,,"Ty Lawson
POINT GUARD","$11,595,506"
47,,"Andrea Bargnani
CENTER","$11,500,000"
48,,"DeAndre Jordan
CENTER","$11,440,123"
49,,"Tyreke Evans
SMALL FORWARD","$11,265,416"
50,,"Danilo Gallinari
SMALL FORWARD","$10,854,850"
51,,"Stephen Curry
POINT GUARD","$10,629,213"
52,,"Marcin Gortat
CENTER","$10,434,782"
53,,"Tim Duncan
POWER FORWARD","$10,361,446"
54,,"Gerald Wallace
SMALL FORWARD","$10,105,855"
55,,"DeMar DeRozan
SHOOTING GUARD","$10,100,000"
56,,"Jrue Holiday
POINT GUARD","$9,904,495"
57,,"Luol Deng
SMALL FORWARD","$9,714,461"
58,,"Anderson Varejao
POWER FORWARD","$9,704,545"
59,,"Thaddeus Young
POWER FORWARD","$9,660,869"
60,,"Paul Millsap
POWER FORWARD","$9,500,000"
61,,"Tiago Splitter
POWER FORWARD","$9,250,000"
62,,"Jeff Green
SMALL FORWARD","$9,200,000"
63,,"Lance Stephenson
SMALL FORWARD","$9,000,000"
,,"Jordan Hill
CENTER","$9,000,000"
65,,"Mike Conley
POINT GUARD","$8,694,216"
66,,"Trevor Ariza
SMALL FORWARD","$8,579,089"
67,,"Channing Frye
POWER FORWARD","$8,579,088"
68,,"Marcus Thornton
SHOOTING GUARD","$8,575,000"
69,,"Ryan Anderson
POWER FORWARD","$8,491,500"
70,,"Omer Asik
CENTER","$8,374,646"
,,"Jeremy Lin
POINT GUARD","$8,374,646"
72,,"Monta Ellis
SHOOTING GUARD","$8,360,000"
73,,"Boris Diaw
CENTER","$8,000,000"
,,"Taj Gibson
POWER FORWARD","$8,000,000"
,,"Jeff Teague
POINT GUARD","$8,000,000"
,,"George Hill
POINT GUARD","$8,000,000"
,,"Brandon Jennings
POINT GUARD","$8,000,000"
,,"O.J. Mayo
SHOOTING GUARD","$8,000,000"
79,,"Dirk Nowitzki
POWER FORWARD","$7,974,482"
80,,"Ersan Ilyasova
SMALL FORWARD","$7,900,000"
81,,"Arron Afflalo
SHOOTING GUARD","$7,750,000"
82,,"Tayshaun Prince
SMALL FORWARD","$7,707,865"
83,,"Goran Dragic
POINT GUARD","$7,500,000"
84,,"Wesley Matthews
SHOOTING GUARD","$7,245,640"
85,,"Isaiah Thomas
POINT GUARD","$7,238,606"
86,,"Avery Bradley
SHOOTING GUARD","$7,191,011"
87,,"Pau Gasol
POWER FORWARD","$7,128,000"
88,,"Jose Calderon
POINT GUARD","$7,097,191"
89,,"Kyrie Irving
POINT GUARD","$7,070,730"
90,,"Manu Ginobili
SHOOTING GUARD","$7,000,000"
,,"Marvin Williams
POWER FORWARD","$7,000,000"
,,"Amir Johnson
POWER FORWARD","$7,000,000"
93,,"Brandon Bass
POWER FORWARD","$6,900,000"
94,,"J.J. Redick
SHOOTING GUARD","$6,792,500"
,,"Kevin Martin
SHOOTING GUARD","$6,792,500"
96,,"Wilson Chandler
SMALL FORWARD","$6,757,913"
97,,"Jason Richardson
SHOOTING GUARD","$6,601,125"
98,,"J.R. Smith
SHOOTING GUARD","$6,515,510"
99,,"Carl Landry
POWER FORWARD","$6,500,000"
100,,"Greivis Vasquez
POINT GUARD","$6,400,000"
101,,"Derrick Williams
POWER FORWARD","$6,331,404"
102,,"Jarrett Jack
POINT GUARD","$6,300,000"
103,,"Kyle Korver
SHOOTING GUARD","$6,253,521"
104,,"Landry Fields
SMALL FORWARD","$6,250,000"
105,,"Robin Lopez
CENTER","$6,124,729"
106,,"Jason Thompson
POWER FORWARD","$6,037,500"
107,,"Gerald Henderson
SHOOTING GUARD","$6,000,000"
,,"Jodie Meeks
SHOOTING GUARD","$6,000,000"
109,,"Chuck Hayes
POWER FORWARD","$5,958,750"
110,,"Spencer Hawes
POWER FORWARD","$5,871,309"
111,,"Jason Terry
SHOOTING GUARD","$5,850,313"
112,,"Patrick Patterson
POWER FORWARD","$5,831,326"
113,,"P.J. Tucker
SMALL FORWARD","$5,700,000"
114,,"Enes Kanter
POWER FORWARD","$5,694,674"
115,,"Anthony Davis
POWER FORWARD","$5,607,240"
116,,"Anthony Bennett
POWER FORWARD","$5,563,920"
117,,"Andrew Wiggins
SMALL FORWARD","$5,510,640"
118,,"Greg Monroe
CENTER","$5,479,933"
119,,"Jamal Crawford
SHOOTING GUARD","$5,450,000"
,,"Louis Williams
SHOOTING GUARD","$5,450,000"
,,"Courtney Lee
SHOOTING GUARD","$5,450,000"
122,,"J.J Hickson
POWER FORWARD","$5,381,750"
,,"Martell Webster
SMALL FORWARD","$5,381,750"
124,,"Chris Andersen
POWER FORWARD","$5,375,000"
125,,"Nikola Mirotic
POWER FORWARD","$5,305,000"
,,"Paul Pierce
SMALL FORWARD","$5,305,000"
,,"Shaun Livingston
POINT GUARD","$5,305,000"
,,"Josh McRoberts
POWER FORWARD","$5,305,000"
129,,"Zaza Pachulia
CENTER","$5,200,000"
130,,"Tristan Thompson
CENTER","$5,138,430"
131,,"Michael Kidd-Gilchrist
SMALL FORWARD","$5,016,960"
132,,"Brandan Wright
POWER FORWARD","$5,000,000"
,,"Trevor Booker
POWER FORWARD","$5,000,000"
,,"Chase Budinger
SMALL FORWARD","$5,000,000"
135,,"Nick Young
SMALL FORWARD","$4,994,420"
136,,"Victor Oladipo
SHOOTING GUARD","$4,978,200"
137,,"Jabari Parker
POWER FORWARD","$4,930,560"
138,,"Luis Scola
POWER FORWARD","$4,868,499"
139,,"Tony Allen
SHOOTING GUARD","$4,831,461"
140,,"Chris Kaman
CENTER","$4,800,000"
141,,"Darren Collison
POINT GUARD","$4,797,664"
,,"Kostas Papanikolaou
SMALL FORWARD","$4,797,664"
143,,"Corey Brewer
SHOOTING GUARD","$4,702,500"
144,,"Ricky Rubio
POINT GUARD","$4,660,479"
145,,"Timofey Mozgov
CENTER","$4,650,000"
146,,"Andre Miller
POINT GUARD","$4,625,000"
147,,"Bradley Beal
SHOOTING GUARD","$4,505,280"
148,,"Ben Gordon
SHOOTING GUARD","$4,500,000"
,,"Jonas Jerebko
POWER FORWARD","$4,500,000"
,,"Caron Butler
SMALL FORWARD","$4,500,000"
151,,"Otto Porter Jr.
SMALL FORWARD","$4,470,480"
152,,"Joel Embiid
CENTER","$4,427,640"
153,,"Luc Richard Mbah a Moute
SMALL FORWARD","$4,382,576"
154,,"Jared Dudley
POWER FORWARD","$4,250,000"
,,"Kris Humphries
POWER FORWARD","$4,250,000"
156,,"C.J. Miles
SHOOTING GUARD","$4,205,000"
157,,"Thabo Sefolosha
SMALL FORWARD","$4,150,000"
158,,"Dion Waiters
SHOOTING GUARD","$4,062,000"
159,,"Cody Zeller
POWER FORWARD","$4,030,560"
160,,"Danny Green
SHOOTING GUARD","$4,025,000"
161,,"Mario Chalmers
POINT GUARD","$4,000,000"
,,"Ian Mahinmi
CENTER","$4,000,000"
163,,"Aaron Gordon
SMALL FORWARD","$3,992,040"
164,,"Mo Williams
POINT GUARD","$3,965,074"
165,,"Vince Carter
SHOOTING GUARD","$3,911,981"
166,,"Kevin Seraphin
POWER FORWARD","$3,898,691"
167,,"Devin Harris
POINT GUARD","$3,878,896"
168,,"Bismack Biyombo
POWER FORWARD","$3,873,398"
169,,"Patrick Mills
POINT GUARD","$3,842,105"
170,,"Joel Anthony
CENTER","$3,800,000"
171,,"Raymond Felton
POINT GUARD","$3,793,693"
172,,"Thomas Robinson
POWER FORWARD","$3,678,360"
,,"Jonas Valanciunas
CENTER","$3,678,360"
174,,"Marreese Speights
CENTER","$3,657,500"
175,,"Alex Len
CENTER","$3,649,920"
176,,"Dante Exum
SHOOTING GUARD","$3,615,000"
177,,"Brandon Knight
POINT GUARD","$3,553,917"
178,,"Gerald Green
SHOOTING GUARD","$3,500,000"
179,,"Darrell Arthur
POWER FORWARD","$3,457,149"
180,,"Steve Novak
SMALL FORWARD","$3,445,947"
181,,"Matt Barnes
SMALL FORWARD","$3,396,250"
182,,"Mirza Teletovic
POWER FORWARD","$3,368,100"
183,,"Damian Lillard
POINT GUARD","$3,340,920"
184,,"Mike Scott
POWER FORWARD","$3,333,333"
185,,"Mike Dunleavy
SMALL FORWARD","$3,326,235"
,,"Tyler Hansbrough
POWER FORWARD","$3,326,235"
187,,"Nerlens Noel
CENTER","$3,315,120"
188,,"Marcus Smart
POINT GUARD","$3,283,320"
189,,"Alexey Shved
POINT GUARD","$3,282,056"
190,,"Jason Smith
POWER FORWARD","$3,278,000"
,,"Evan Turner
SMALL FORWARD","$3,278,000"
,,"Bojan Bogdanovic
SMALL FORWARD","$3,278,000"
193,,"Kemba Walker
POINT GUARD","$3,272,091"
194,,"Carlos Boozer
POWER FORWARD","$3,251,000"
195,,"Gary Neal
POINT GUARD","$3,250,000"
196,,"Anthony Morrow
SHOOTING GUARD","$3,200,000"
197,,"Quincy Pondexter
SMALL FORWARD","$3,146,068"
198,,"Chris Copeland
SMALL FORWARD","$3,135,000"
,,"Dorell Wright
SMALL FORWARD","$3,135,000"
200,,"Klay Thompson
SHOOTING GUARD","$3,075,880"
201,,"Harrison Barnes
SMALL FORWARD","$3,049,920"
202,,"Alec Burks
POINT GUARD","$3,034,356"
203,,"Ben McLemore
SHOOTING GUARD","$3,026,280"
204,,"Joel Freeland
POWER FORWARD","$3,013,512"
205,,"Randy Foye
SHOOTING GUARD","$3,000,000"
,,"Anthony Tolliver
POWER FORWARD","$3,000,000"
,,"D.J. Augustin
POINT GUARD","$3,000,000"
,,"Jerryd Bayless
POINT GUARD","$3,000,000"
,,"Kosta Koufos
CENTER","$3,000,000"
210,,"Julius Randle
POWER FORWARD","$2,997,360"
211,,"Markieff Morris
POWER FORWARD","$2,989,239"
212,,"Furkan Aldemir
POWER FORWARD","$2,963,232"
213,,"Marcus Morris
SMALL FORWARD","$2,943,221"
214,,"Kawhi Leonard
SMALL FORWARD","$2,894,059"
215,,"Marco Belinelli
SMALL FORWARD","$2,873,750"
216,,"Terrence Ross
SMALL FORWARD","$2,793,960"
217,,"Kentavious Caldwell-Pope
SHOOTING GUARD","$2,772,480"
218,,"Nikola Vucevic
CENTER","$2,751,260"
219,,"Luke Ridnour
POINT GUARD","$2,750,000"
220,,"Nik Stauskas
SHOOTING GUARD","$2,745,840"
221,,"Mike Miller
SHOOTING GUARD","$2,732,000"
,,"Jameer Nelson
POINT GUARD","$2,732,000"
,,"Brian Roberts
POINT GUARD","$2,732,000"
,,"Udonis Haslem
POWER FORWARD","$2,732,000"
,,"Kirk Hinrich
SHOOTING GUARD","$2,732,000"
226,,"Iman Shumpert
SHOOTING GUARD","$2,616,975"
227,,"Andre Drummond
CENTER","$2,568,360"
228,,"Trey Burke
POINT GUARD","$2,548,560"
229,,"Noah Vonleh
POWER FORWARD","$2,524,200"
230,,"James Johnson
POWER FORWARD","$2,500,000"
231,,"DeMarre Carroll
SMALL FORWARD","$2,442,455"
232,,"Austin Rivers
SHOOTING GUARD","$2,439,840"
233,,"Shelvin Mack
POINT GUARD","$2,433,333"
234,,"C.J. McCollum
SHOOTING GUARD","$2,421,000"
235,,"Elfrid Payton
POINT GUARD","$2,397,840"
236,,"Tobias Harris
POWER FORWARD","$2,380,594"
237,,"Meyers Leonard
CENTER","$2,317,920"
238,,"Michael Carter-Williams
POINT GUARD","$2,300,040"
239,,"Doug McDermott
SMALL FORWARD","$2,277,960"
240,,"Kenneth Faried
POWER FORWARD","$2,249,768"
241,,"Nick Collison
POWER FORWARD","$2,242,003"
242,,"Brendan Haywood
CENTER","$2,213,688"
243,,"Reggie Jackson
POINT GUARD","$2,204,370"
244,,"Jeremy Lamb
SHOOTING GUARD","$2,202,000"
245,,"Steven Adams
CENTER","$2,184,960"
246,,"Ramon Sessions
POINT GUARD","$2,077,000"
,,"Danny Granger
SMALL FORWARD","$2,077,000"
,,"Josh Smith
SMALL FORWARD","$2,077,000"
,,"Beno Udrih
POINT GUARD","$2,077,000"
,,"C.J. Watson
POINT GUARD","$2,077,000"
,,"Aron Baynes
POWER FORWARD","$2,077,000"
,,"Steve Blake
POINT GUARD","$2,077,000"
253,,"Kelly Olynyk
CENTER","$2,075,760"
254,,"Zach LaVine
SHOOTING GUARD","$2,055,840"
255,,"Norris Cole
POINT GUARD","$2,038,206"
256,,"Cory Joseph
POINT GUARD","$2,023,261"
257,,"Jimmy Butler
SHOOTING GUARD","$2,008,748"
258,,"Kent Bazemore
SMALL FORWARD","$2,000,000"
,,"DeJaun Blair
CENTER","$2,000,000"
,,"Elton Brand
POWER FORWARD","$2,000,000"
261,,"Shabazz Muhammad
SMALL FORWARD","$1,971,960"
262,,"John Henson
POWER FORWARD","$1,967,320"
263,,"T.J. Warren
SMALL FORWARD","$1,953,120"
264,,"Maurice Harkless
POWER FORWARD","$1,887,840"
265,,"Giannis Antetokounmpo
POINT GUARD","$1,873,200"
266,,"Adreian Payne
POWER FORWARD","$1,855,320"
267,,"Jeff Ayres
POWER FORWARD","$1,828,750"
268,,"Jeremy Evans
SMALL FORWARD","$1,794,871"
269,,"Joffrey Lauvergne
POWER FORWARD","$1,790,281"
270,,"Reggie Evans
POWER FORWARD","$1,768,653"
271,,"Lucas Nogueira
CENTER","$1,762,680"
,,"Jusuf Nurkic
CENTER","$1,762,680"
273,,"Luigi Datome
SMALL FORWARD","$1,750,000"
274,,"Zoran Dragic
SHOOTING GUARD","$1,706,250"
275,,"Tyler Zeller
CENTER","$1,703,760"
276,,"Dennis Schr√∂der
POINT GUARD","$1,690,680"
277,,"James Young
SHOOTING GUARD","$1,674,480"
278,,"Pablo Prigioni
POINT GUARD","$1,662,961"
279,,"Ryan Kelly
POWER FORWARD","$1,650,000"
280,,"Terrence Jones
POWER FORWARD","$1,618,680"
281,,"Shane Larkin
POINT GUARD","$1,606,080"
282,,"Tyler Ennis
POINT GUARD","$1,590,720"
283,,"Andrew Nicholson
POWER FORWARD","$1,545,840"
284,,"Sergey Karasev
SHOOTING GUARD","$1,533,840"
285,,"Gary Harris
SHOOTING GUARD","$1,519,200"
286,,"Ronny Turiaf
CENTER","$1,500,000"
287,,"Donatas Motiejunas
POWER FORWARD","$1,483,920"
,,"Evan Fournier
SHOOTING GUARD","$1,483,920"
289,,"Tony Snell
SMALL FORWARD","$1,472,400"
290,,"Bruno Caboclo
SMALL FORWARD","$1,458,360"
291,,"Willie Green
SMALL FORWARD","$1,448,490"
292,,"Jared Sullinger
POWER FORWARD","$1,424,520"
293,,"Gorgui Dieng
POWER FORWARD","$1,413,480"
294,,"Mitch McGary
POWER FORWARD","$1,400,040"
295,,"Mason Plumlee
CENTER","$1,357,080"
296,,"Jordan Adams
SHOOTING GUARD","$1,344,120"
297,,"John Jenkins
SHOOTING GUARD","$1,312,920"
298,,"Solomon Hill
SMALL FORWARD","$1,302,840"
299,,"Rodney Hood
SHOOTING GUARD","$1,290,360"
300,,"Alan Anderson
SHOOTING GUARD","$1,276,061"
301,,"Tim Hardaway Jr.
SHOOTING GUARD","$1,250,640"
302,,"Pero Antic
POWER FORWARD","$1,250,000"
303,,"Shabazz Napier
POINT GUARD","$1,238,640"
304,,"Shawne Williams
SMALL FORWARD","$1,227,985"
305,,"Tony Wroten Jr.
SHOOTING GUARD","$1,210,080"
306,,"Reggie Bullock
SMALL FORWARD","$1,200,720"
307,,"Clint Capela
CENTER","$1,189,200"
308,,"Miles Plumlee
CENTER","$1,169,880"
309,,"Andre Roberson
SHOOTING GUARD","$1,160,880"
310,,"P.J. Hairston
SHOOTING GUARD","$1,149,720"
311,,"Cartier Martin
POWER FORWARD","$1,145,686"
312,,"Brandon Rush
SHOOTING GUARD","$1,145,685"
313,,"Perry Jones III
SMALL FORWARD","$1,129,200"
314,,"Rudy Gobert
CENTER","$1,127,400"
315,,"Festus Ezeli
CENTER","$1,112,880"
316,,"Archie Goodwin
SHOOTING GUARD","$1,112,280"
317,,"C.J. Wilcox
SHOOTING GUARD","$1,109,760"
318,,"Damjan Rudez
SMALL FORWARD","$1,100,000"
319,,"Kyle Anderson
SMALL FORWARD","$1,093,680"
320,,"Kyle Singler
SMALL FORWARD","$1,090,000"
321,,"Robert Covington
SMALL FORWARD","$1,000,000"
322,,"Ed Davis
POWER FORWARD","$981,084"
,,"Garrett Temple
SHOOTING GUARD","$981,084"
,,"Alexis Ajinca
CENTER","$981,084"
,,"Al-Farouq Aminu
SMALL FORWARD","$981,084"
,,"Luke Babbitt
SMALL FORWARD","$981,084"
327,,"Jon Leuer
POWER FORWARD","$967,500"
328,,"E'Twaun Moore
SHOOTING GUARD","$948,163"
,,"Joey Dorsey
POWER FORWARD","$948,163"
,,"Donald Sloan
POINT GUARD","$948,163"
,,"Greg Smith
CENTER","$948,163"
332,,"Khris Middleton
SMALL FORWARD","$915,243"
,,"Omri Casspi
SMALL FORWARD","$915,243"
,,"Nazr Mohammed
CENTER","$915,243"
,,"Jae Crowder
SMALL FORWARD","$915,243"
,,"Glen Davis
POWER FORWARD","$915,243"
,,"Kyle O'Quinn
CENTER","$915,243"
,,"Wayne Ellington
SHOOTING GUARD","$915,243"
,,"Ronnie Price
POINT GUARD","$915,243"
,,"Jimmer Fredette
POINT GUARD","$915,243"
,,"Robert Sacre
CENTER","$915,243"
,,"Alonzo Gee
SMALL FORWARD","$915,243"
,,"Henry Sims
CENTER","$915,243"
,,"Drew Gooden
POWER FORWARD","$915,243"
,,"Draymond Green
POWER FORWARD","$915,243"
,,"Greg Stiemsma
CENTER","$915,243"
,,"Rodney Stuckey
POINT GUARD","$915,243"
,,"Jeff Taylor
SHOOTING GUARD","$915,243"
,,"Hedo Turkoglu
SMALL FORWARD","$915,243"
,,"Ekpe Udoh
POWER FORWARD","$915,243"
,,"Charlie Villanueva
POWER FORWARD","$915,243"
,,"Ryan Hollins
CENTER","$915,243"
,,"Quincy Acy
SMALL FORWARD","$915,243"
,,"Cole Aldrich
CENTER","$915,243"
,,"Richard Jefferson
SMALL FORWARD","$915,243"
,,"LaVoy Allen
POWER FORWARD","$915,243"
,,"Wesley Johnson
SHOOTING GUARD","$915,243"
,,"James Jones
SHOOTING GUARD","$915,243"
,,"Leandro Barbosa
SHOOTING GUARD","$915,243"
,,"Will Barton
SHOOTING GUARD","$915,243"
,,"Patrick Beverley
POINT GUARD","$915,243"
,,"Matt Bonner
CENTER","$915,243"
,,"Aaron Brooks
POINT GUARD","$915,243"
,,"Shawn Marion
SMALL FORWARD","$915,243"
,,"Jason Maxiell
POWER FORWARD","$915,243"
,,"Rasual Butler
SMALL FORWARD","$915,243"
367,,"Jose Barea
POINT GUARD","$909,859"
368,,"Jerami Grant
SMALL FORWARD","$884,879"
,,"Joe Harris
SHOOTING GUARD","$884,879"
,,"Roy Devyn Marble
SMALL FORWARD","$884,879"
371,,"Robbie Hummel
SMALL FORWARD","$880,000"
372,,"Allen Crabbe
SMALL FORWARD","$862,000"
373,,"Ishmael Smith
POINT GUARD","$861,405"
374,,"Damien Inglis
SMALL FORWARD","$820,000"
375,,"Ian Clark
SHOOTING GUARD","$816,482"
,,"Mike Muscala
POWER FORWARD","$816,482"
,,"Troy Daniels
SHOOTING GUARD","$816,482"
,,"Dewayne Dedmon
CENTER","$816,482"
,,"Matthew Dellavedova
SHOOTING GUARD","$816,482"
,,"Phil Pressey
POINT GUARD","$816,482"
,,"Justin Hamilton
CENTER","$816,482"
,,"Hollis Thompson
SHOOTING GUARD","$816,482"
,,"Justin Holiday
SHOOTING GUARD","$816,482"
,,"Grant Jerrett
POWER FORWARD","$816,482"
,,"Jeff Withey
CENTER","$816,482"
,,"Jerome Jordan
CENTER","$816,482"
,,"Ognjen Kuzmic
CENTER","$816,482"
,,"Ray McCallum
POINT GUARD","$816,482"
,,"Nick Calathes
SHOOTING GUARD","$816,482"
,,"Isaiah Canaan
POINT GUARD","$816,482"
391,,"Hassan Whiteside
CENTER","$769,881"
392,,"Jarnell Stokes
POWER FORWARD","$725,000"
393,,"Dante Cunningham
POWER FORWARD","$716,043"
394,,"Darius Morris
POINT GUARD","$702,756"
395,,"Spencer Dinwiddie
POINT GUARD","$700,000"
396,,"Johnny O'Bryant
CENTER","$600,000"
397,,"Jordan Clarkson
SHOOTING GUARD","$507,336"
,,"Eric Moreland
POWER FORWARD","$507,336"
,,"Cleanthony Early
SMALL FORWARD","$507,336"
,,"Dwight Powell
POWER FORWARD","$507,336"
,,"James Ennis
SMALL FORWARD","$507,336"
,,"Glen Robinson III
SHOOTING GUARD","$507,336"
,,"JaKarr Sampson
SHOOTING GUARD","$507,336"
,,"Russ Smith
POINT GUARD","$507,336"
,,"Erick Green
POINT GUARD","$507,336"
,,"Travis Wear
POWER FORWARD","$507,336"
,,"Joe Ingles
SMALL FORWARD","$507,336"
,,"Shayne Whittington
POWER FORWARD","$507,336"
,,"Corey Jefferson
POWER FORWARD","$507,336"
,,"Nick Johnson
SHOOTING GUARD","$507,336"
,,"Cameron Bairstow
POWER FORWARD","$507,336"
,,"Tarik Black
CENTER","$507,336"
,,"Markel Brown
SHOOTING GUARD","$507,336"
,,"K.J. McDaniels
SHOOTING GUARD","$507,336"
415,,"Lance Thomas
SMALL FORWARD","$409,167"
,,"Louis Amundson
POWER FORWARD","$409,167"
417,,"Dahntay Jones
SMALL FORWARD","$387,632"
418,,"Reggie Williams
SMALL FORWARD","$344,036"
419,,"Amar'e Stoudemire
POWER FORWARD","$306,876"
420,,"Kendrick Perkins
CENTER","$274,573"
421,,"John Lucas III
POINT GUARD","$269,189"
422,,"Lorenzo Brown
POINT GUARD","$268,959"
423,,"Elijah Millsap
SHOOTING GUARD","$241,731"
424,,"Bernard James
CENTER","$236,886"
425,,"Langston Galloway
POINT GUARD","$235,762"
426,,"Tyler Johnson
SHOOTING GUARD","$199,950"
427,,"Henry Walker
POINT GUARD","$196,217"
428,,"Michael Beasley
SMALL FORWARD","$195,440"
429,,"Quincy Miller
SMALL FORWARD","$183,049"
,,"Earl Barron
POWER FORWARD","$183,049"
431,,"James McAdoo
SMALL FORWARD","$167,122"
432,,"Jordan Hamilton
SMALL FORWARD","$150,591"
433,,"Toney Douglas
SHOOTING GUARD","$143,870"
434,,"JaMychal Green
POWER FORWARD","$134,295"
435,,"Christapher Johnson
SMALL FORWARD","$113,059"
436,,"Bryce Cotton
POINT GUARD","$92,514"
437,,"Will Bynum
POINT GUARD","$72,234"
438,,"Jack Cooley
POWER FORWARD","$62,671"
439,,"Earl Clark
SMALL FORWARD","$62,552"
,,"Austin Daye
POWER FORWARD","$62,552"
441,,"Greg Smith
CENTER","$55,722"
442,,"Quincy Miller
SMALL FORWARD","$53,838"
,,"Quincy Miller
SMALL FORWARD","$53,838"
,,"Quincy Miller
SMALL FORWARD","$53,838"
,,"Quincy Miller
SMALL FORWARD","$53,838"
,,"Earl Clark
SMALL FORWARD","$53,838"
,,"Austin Daye
POWER FORWARD","$53,838"
,,"Toney Douglas
SHOOTING GUARD","$53,838"
,,"Toney Douglas
SHOOTING GUARD","$53,838"
,,"A.J. Price
POINT GUARD","$53,838"
,,"Nate Robinson
POINT GUARD","$53,838"
,,"Nate Robinson
POINT GUARD","$53,838"
,,"Jordan Hamilton
SMALL FORWARD","$53,838"
,,"Jordan Hamilton
SMALL FORWARD","$53,838"
,,"Lance Thomas
SMALL FORWARD","$53,838"
,,"Lance Thomas
SMALL FORWARD","$53,838"
,,"Tyrus Thomas
POWER FORWARD","$53,838"
,,"Henry Walker
POINT GUARD","$53,838"
,,"Henry Walker
POINT GUARD","$53,838"
,,"Lester Hudson
POINT GUARD","$53,838"
,,"Bernard James
CENTER","$53,838"
,,"Bernard James
CENTER","$53,838"
,,"Reggie Williams
SMALL FORWARD","$53,838"
,,"Reggie Williams
SMALL FORWARD","$53,838"
,,"Louis Amundson
POWER FORWARD","$53,838"
,,"Louis Amundson
POWER FORWARD","$53,838"
,,"Elliot Williams
SHOOTING GUARD","$53,838"
,,"Elliot Williams
SHOOTING GUARD","$53,838"
,,"Elliot Williams
SHOOTING GUARD","$53,838"
,,"Elliot Williams
SHOOTING GUARD","$53,838"
,,"Elliot Williams
SHOOTING GUARD","$53,838"
,,"Christapher Johnson
SMALL FORWARD","$53,838"
,,"Christapher Johnson
SMALL FORWARD","$53,838"
,,"Christapher Johnson
SMALL FORWARD","$53,838"
,,"Dahntay Jones
SMALL FORWARD","$53,838"
,,"Dahntay Jones
SMALL FORWARD","$53,838"
,,"Earl Barron
POWER FORWARD","$53,838"
,,"Earl Barron
POWER FORWARD","$53,838"
,,"Michael Beasley
SMALL FORWARD","$53,838"
,,"Michael Beasley
SMALL FORWARD","$53,838"
,,"John Lucas III
POINT GUARD","$53,838"
,,"John Lucas III
POINT GUARD","$53,838"
,,"Kenyon Martin
POWER FORWARD","$53,838"
,,"Kenyon Martin
POWER FORWARD","$53,838"
,,"Will Bynum
POINT GUARD","$53,838"
,,"Jerel McNeal
POINT GUARD","$53,838"
487,,"Tim Frazier
POINT GUARD","$50,734"
488,,"Toure Murry
SMALL FORWARD","$48,028"
,,"Toure Murry
SMALL FORWARD","$48,028"
,,"Seth Curry
SHOOTING GUARD","$48,028"
,,"Miroslav Raduljica
CENTER","$48,028"
,,"Miroslav Raduljica
CENTER","$48,028"
,,"Jorge Gutierrez
POINT GUARD","$48,028"
,,"Jorge Gutierrez
POINT GUARD","$48,028"
,,"Nate Wolters
POINT GUARD","$48,028"
,,"Nate Wolters
POINT GUARD","$48,028"
,,"Chris Babb
SHOOTING GUARD","$48,028"
,,"Ricky Ledo
SHOOTING GUARD","$48,028"
,,"Ricky Ledo
SHOOTING GUARD","$48,028"
,,"Lorenzo Brown
POINT GUARD","$48,028"
,,"Lorenzo Brown
POINT GUARD","$48,028"
,,"Dwight Buycks
POINT GUARD","$48,028"
503,,"Jabari Brown
SHOOTING GUARD","$44,765"
504,,"Arinze Onuaku
POWER FORWARD","$43,226"
,,"Jorge Gutierrez
POINT GUARD","$43,226"
506,,"Ricky Ledo
SHOOTING GUARD","$38,423"
507,,"Elijah Millsap
SHOOTING GUARD","$29,843"
,,"Elijah Millsap
SHOOTING GUARD","$29,843"
,,"Jack Cooley
POWER FORWARD","$29,843"
,,"Jack Cooley
POWER FORWARD","$29,843"
,,"Bryce Cotton
POINT GUARD","$29,843"
,,"Bryce Cotton
POINT GUARD","$29,843"
,,"Andre Dawkins
SHOOTING GUARD","$29,843"
,,"Andre Dawkins
SHOOTING GUARD","$29,843"
,,"Larry Drew II
POINT GUARD","$29,843"
,,"Larry Drew II
POINT GUARD","$29,843"
,,"Jarell Eddie
SMALL FORWARD","$29,843"
,,"Tim Frazier
POINT GUARD","$29,843"
,,"Tim Frazier
POINT GUARD","$29,843"
,,"Langston Galloway
POINT GUARD","$29,843"
,,"Langston Galloway
POINT GUARD","$29,843"
,,"JaMychal Green
POWER FORWARD","$29,843"
,,"JaMychal Green
POWER FORWARD","$29,843"
,,"JaMychal Green
POWER FORWARD","$29,843"
,,"David Stockton
POINT GUARD","$29,843"
,,"David Wear
POWER FORWARD","$29,843"
,,"Tyler Johnson
SHOOTING GUARD","$29,843"
,,"Tyler Johnson
SHOOTING GUARD","$29,843"
,,"Sean Kilpatrick
SHOOTING GUARD","$29,843"
,,"Jerrelle Benimon
POWER FORWARD","$29,843"
,,"Sim Bhullar
CENTER","$29,843"
,,"Jabari Brown
SHOOTING GUARD","$29,843"
,,"Jabari Brown
SHOOTING GUARD","$29,843"
,,"James McAdoo
SMALL FORWARD","$29,843"
,,"James McAdoo
SMALL FORWARD","$29,843"
536,,"Lester Hudson
POINT GUARD","$27,887"
537,,"Jerel McNeal
POINT GUARD","$26,919"
538,,"Jamaal Franklin
SHOOTING GUARD","$19,211"
539,,"Vander Blue
SHOOTING GUARD","$14,409"
540,,"David Stockton
POINT GUARD","$11,937"